{
  "Players": [
    {
      "id": 351609823,
      "x": 502.5754930370992,
      "y": 48.45093268783282,
      "width": 500,
      "height": 80,
      "angle": 0.022366698064048222,
      "speed": 5,
      "rotationSpeed": 0.1,
      "nickname": "ab",
      "pass": "ba",
      "maxHealth": 10,
      "point": 0,
      "Level": 0,
      "Exp": 0,
      "Attack": 1,
      "Defense": 1
    },
    {
      "id": 715801875,
      "Ttl": 1532023036391,
      "x": 116.5602645074159,
      "y": 634.3177939818872,
      "width": 80,
      "height": 80,
      "angle": 4.882880803227234,
      "speed": 5,
      "rotationSpeed": 0.1,
      "nickname": "a",
      "pass": "b",
      "maxHealth": 10,
      "point": 0
    }
  ],
  "settings": {
    "fun": "not"
  }
}