{
  "id": 351609823,
  "x": 502.5754930370992,
  "y": 48.45093268783282,
  "width": 500,
  "height": 80,
  "angle": 0.022366698064048222,
  "speed": 5,
  "rotationSpeed": 0.1,
  "nickname": "abc",
  "pass": "abc",
  "maxHealth": 10,
  "point": 0,
  "Level": 0,
  "Exp": 0,
  "Attack": 1,
  "Defense": 1
}